{
  "utterances": 100,
  "scored": 15,
  "missing_predictions": 0,
  "wer": 0.3263888888888889,
  "term_precision": 1.0,
  "term_recall": 0.32142857142857145,
  "term_f1": 0.4864864864864865,
  "term_miss_rate": 0.6785714285714286,
  "term_error_rate": 0.6785714285714286,
  "matched_terms": 9,
  "reference_terms": 28,
  "hypothesis_terms": 9,
  "groups": {
    "domain:backend": {
      "wer": 0.41379310344827586,
      "utterances": 3,
      "errors": 12,
      "words": 29
    },
    "domain:database": {
      "wer": 0.3870967741935484,
      "utterances": 3,
      "errors": 12,
      "words": 31
    },
    "domain:devops": {
      "wer": 0.3793103448275862,
      "utterances": 3,
      "errors": 11,
      "words": 29
    },
    "domain:frontend": {
      "wer": 0.17857142857142858,
      "utterances": 3,
      "errors": 5,
      "words": 28
    },
    "domain:testing": {
      "wer": 0.25925925925925924,
      "utterances": 3,
      "errors": 7,
      "words": 27
    },
    "split:test": {
      "wer": 0.3263888888888889,
      "utterances": 15,
      "errors": 47,
      "words": 144
    }
  },
  "missing_utt_id": []
}