model,test_utterances,wer,wer_ci_low,wer_ci_high,term_precision,term_recall,term_f1,term_miss_rate,matched_terms,reference_terms,hypothesis_terms
Whisper tiny,15,1.0833333333333333,0.8169014084507042,1.4615384615384615,1.0,0.03571428571428571,0.0689655172413793,0.9642857142857143,1,28,1
Whisper base,15,0.6875,0.5394736842105263,0.8367346938775511,1.0,0.17857142857142858,0.30303030303030304,0.8214285714285714,5,28,5
Whisper small,15,0.3263888888888889,0.2535211267605634,0.39215686274509803,1.0,0.32142857142857145,0.4864864864864865,0.6785714285714286,9,28,9
PhoWhisper small,15,0.6666666666666666,0.47651006711409394,0.8601398601398601,1.0,0.10714285714285714,0.19354838709677416,0.8928571428571429,3,28,3
Whisper small + post-hoc glossary,15,0.09722222222222222,0.05442176870748299,0.14482758620689656,1.0,1.0,1.0,0.0,28,28,28
